{"cameraMode":{"drawMode":0,"name":"Shaded","section":"Shading Mode"},"sceneLighting":false,"audioPlay":false,"sceneViewState":{"showFog":true,"showMaterialUpdate":true,"showSkybox":true,"showFlares":true,"showImageEffects":true,"showParticleSystems":true},"in2DMode":false,"pivot":{"x":-0.5171202421188355,"y":-2.6601576805114748,"z":0.9999998807907105},"rotation":{"x":-0.8102840781211853,"y":0.021767335012555124,"z":0.5848592519760132,"w":0.03016112558543682},"size":1.662231683731079,"orthographic":true}