{"cameraMode":{"drawMode":0,"name":"Shaded","section":"Shading Mode"},"sceneLighting":false,"audioPlay":false,"sceneViewState":{"showFog":false,"showMaterialUpdate":false,"showSkybox":false,"showFlares":false,"showImageEffects":false,"showParticleSystems":false},"in2DMode":false,"pivot":{"x":0.0,"y":-15.260000228881836,"z":3.677000045776367},"rotation":{"x":0.03338140249252319,"y":0.6853017807006836,"z":-0.031478554010391238,"w":0.7268290519714356},"size":1.7320507764816285,"orthographic":true}