{"cameraMode":{"drawMode":0,"name":"Shaded","section":"Shading Mode"},"sceneLighting":false,"audioPlay":false,"sceneViewState":{"showFog":true,"showMaterialUpdate":true,"showSkybox":true,"showFlares":true,"showImageEffects":true,"showParticleSystems":true},"in2DMode":false,"pivot":{"x":0.2048814743757248,"y":3.2097861766815187,"z":-0.498046875},"rotation":{"x":-0.8102840781211853,"y":0.021767335012555124,"z":0.5848592519760132,"w":0.03016112558543682},"size":6.214038848876953,"orthographic":true}