{"cameraMode":{"drawMode":0,"name":"Shaded","section":"Shading Mode"},"sceneLighting":false,"audioPlay":false,"sceneViewState":{"showFog":false,"showMaterialUpdate":false,"showSkybox":false,"showFlares":false,"showImageEffects":false,"showParticleSystems":false},"in2DMode":false,"pivot":{"x":-0.5372796058654785,"y":4.896592617034912,"z":0.6597427129745483},"rotation":{"x":0.0027344769332557918,"y":0.9871334433555603,"z":-0.15919916331768037,"w":0.01689167134463787},"size":8.088323593139649,"orthographic":true}