{"cameraMode":{"drawMode":0,"name":"Shaded","section":"Shading Mode"},"sceneLighting":false,"audioPlay":false,"sceneViewState":{"showFog":false,"showMaterialUpdate":false,"showSkybox":false,"showFlares":false,"showImageEffects":false,"showParticleSystems":false},"in2DMode":false,"pivot":{"x":0.0,"y":43.307029724121097,"z":3.019625186920166},"rotation":{"x":0.8078228235244751,"y":0.005304393358528614,"z":-0.00727065559476614,"w":0.5893619656562805},"size":4.6879777908325199,"orthographic":true}