{"cameraMode":{"drawMode":0,"name":"Shaded","section":"Shading Mode"},"sceneLighting":false,"audioPlay":false,"sceneViewState":{"showFog":false,"showMaterialUpdate":false,"showSkybox":false,"showFlares":false,"showImageEffects":false,"showParticleSystems":false},"in2DMode":false,"pivot":{"x":-4.630856513977051,"y":0.7236199378967285,"z":45.07206344604492},"rotation":{"x":0.14862699806690217,"y":-0.053373705595731738,"z":0.00803200714290142,"w":0.9874244928359985},"size":1.2503215074539185,"orthographic":true}