{"cameraMode":{"drawMode":0,"name":"Shaded","section":"Shading Mode"},"sceneLighting":false,"audioPlay":false,"sceneViewState":{"showFog":false,"showMaterialUpdate":false,"showSkybox":false,"showFlares":false,"showImageEffects":false,"showParticleSystems":false},"in2DMode":false,"pivot":{"x":-5.960464477539063e-7,"y":42.967254638671878,"z":3.0096724033355715},"rotation":{"x":-0.0021545160561800005,"y":0.75672847032547,"z":0.6537253260612488,"w":0.0024950478691607715},"size":4.018594741821289,"orthographic":true}