{"cameraMode":{"drawMode":0,"name":"Shaded","section":"Shading Mode"},"sceneLighting":false,"audioPlay":false,"sceneViewState":{"showFog":false,"showMaterialUpdate":false,"showSkybox":false,"showFlares":false,"showImageEffects":false,"showParticleSystems":false},"in2DMode":false,"pivot":{"x":0.0,"y":4.019624710083008,"z":-16.737030029296876},"rotation":{"x":0.0010590675519779325,"y":0.7081658840179443,"z":-0.0010622497648000718,"w":0.706044614315033},"size":4.6879777908325199,"orthographic":true}