{"cameraMode":{"drawMode":0,"name":"Shaded","section":"Shading Mode"},"sceneLighting":false,"audioPlay":false,"sceneViewState":{"showFog":false,"showMaterialUpdate":false,"showSkybox":false,"showFlares":false,"showImageEffects":false,"showParticleSystems":false},"in2DMode":false,"pivot":{"x":0.35453832149505618,"y":2.9003615379333498,"z":25.94191551208496},"rotation":{"x":-0.008386493660509587,"y":-0.678752064704895,"z":0.0077184406109154228,"w":-0.7343224287033081},"size":38.68465805053711,"orthographic":true}