{"cameraMode":{"drawMode":0,"name":"Shaded","section":"Shading Mode"},"sceneLighting":false,"audioPlay":false,"sceneViewState":{"showFog":false,"showMaterialUpdate":false,"showSkybox":false,"showFlares":false,"showImageEffects":false,"showParticleSystems":false},"in2DMode":false,"pivot":{"x":-5.498773097991943,"y":16.780982971191408,"z":6.85460090637207},"rotation":{"x":0.8078228235244751,"y":0.005304393358528614,"z":-0.00727065559476614,"w":0.5893619656562805},"size":35.655433654785159,"orthographic":true}